PRATASABA RESORT,,,,,,,,,
Saba Resto Price List,,,,,,,,,
"Filtered By :Quantity, Suspended",,,,,,,,,
,,,Item Description,,,,,Unit Price,Item Type
,2026_FOOD & BEVERAGES,,MENU SABA RESTO (NEW PRICE JUNI 2026),,,,,0.0,Non Inventory Part
,F&B-0001,,,MEALS PACKAGES,,PAKET MAKAN,,0.0,Non Inventory Part
,,Pack-001,,,LUNCH PACKAGES,,PAKET MAKAN SIANG,200000.0,Non Inventory Part
,,Pack-002,,,DINNER PACKAGES,,PAKET MAKAN MALAM,200000.0,Non Inventory Part
,,Pack-003,,,DINNER BARBEQUE,,PAKET MAKAN MALAM - BARBEQUE,300000.0,Non Inventory Part
,,Pack-004,,,LUNCH BOX GUEST,,PAKET MAKAN SIANG - BOX,100000.0,Non Inventory Part
,,Pack-005,,,MEALS CREW,,PAKET MAKAN KRU (MOTORIS/GUIDE/DLL),30000.0,Non Inventory Part
,,Pack-006,,,ROMANTIC DINNER,,PAKET MAKAN MALAM - ROMANTIC,500000.0,Non Inventory Part
,,Pack-007,,,HALFDAY MEETING PACKAGES,,PAKET MEETING - 1x Lunch/Dinner + 1x Coffee Break,275000.0,Non Inventory Part
,,Pack-008,,,FULLDAY MEETING PACKAGES,,PAKET MEETING - 1x Lunch/Dinner + 2x Coffee Break,350000.0,Non Inventory Part
,,Pack-009,,,FULLBOARD MEETING PACKAGES,,PAKET MEETING - Lunch + Dinner + 2x Coffee Break,550000.0,Non Inventory Part
,,Pack-010,,,AFTERNOON SNACK,,SNACK SORE,50000.0,Non Inventory Part
,,Pack-011,,,COFFEE BREAK,,COFFEE BREAK,75000.0,Non Inventory Part
,F&B-0002,,, SNACK,,CAMILAN,,0.0,Non Inventory Part
,,Snack-001,,,ASSORTED FRUITS ,,BUAH POTONG,50000.0,Non Inventory Part
,,Snack-002,,,FRUIT SALAD,,SALAD BUAH,65000.0,Non Inventory Part
,,Snack-003,,,FRIED CASSAVA,,SINGKONG GORENG,40000.0,Non Inventory Part
,,Snack-004,,,SNOWING BANANA,,PISANG SALJU SUSU KEJU,45000.0,Non Inventory Part
,,Snack-005,,,BANANA FRITTER & CHILLI DIP,,PISANG GORENG SAMBAL,45000.0,Non Inventory Part
,,Snack-006,,,MUN CHUEM,,SINGKONG THAILAND,50000.0,Non Inventory Part
,,Snack-007,,,TRADITIONAL TOAST,,ROTI BAKAR,40000.0,Non Inventory Part
,,Snack-008,,,CHURROS,,CHURROS,50000.0,Non Inventory Part
,,Snack-009,,,HONEY PANCAKE,,PANCAKE MADU,55000.0,Non Inventory Part
,F&B-0003,,,APPETIZER,,PEMBUKA,,0.0,Non Inventory Part
,,App-001,,,MIX PLATTER,,PLATTER CAMPURAN,70000.0,
,,App-002,,,MIX BOMBER,,BOMBER CAMPURAN,85000.0,Non Inventory Part
,,App-003,,,FRIED DUMPLING,,PANGSIT GORENG,45000.0,Non Inventory Part
,,App-004,,,ONION RING,,BAWANG BOMBAY GORENG TEPUNG,40000.0,Non Inventory Part
,,App-005,,,CIRENG BANDUNG,,CIRENG BANDUNG,45000.0,Non Inventory Part
,,App-006,,,FRENCH FRIES,,KENTANG GORENG,50000.0,Non Inventory Part
,,App-007,,,SAUSAGES,,SOSIS,50000.0,Non Inventory Part
,,App-008,,,CHICKEN NUGGET,,NUGGET AYAM,50000.0,Non Inventory Part
,,App-009,,,SALT & CHILLI TOFU,,TAHU CABE GARAM,45000.0,Non Inventory Part
,,App-010,,,SPRING ROLL,,LUMPIA,45000.0,Non Inventory Part
,F&B-0004,,,SOUP,,SUP,,0.0,Non Inventory Part
,,Soup-001,,,CREAM SOUP,,SUP KRIM,35000.0,Non Inventory Part
,,Soup-002,,,MUSHROOM SOUP,,SUP JAMUR,35000.0,Non Inventory Part
,,Soup-003,,,FISHBALL SOUP,,SUP BAKSO IKAN,45000.0,Non Inventory Part
,,Soup-004,,,INDONESIAN MEATBALL SOUP,,SUP BAKSO IKAN,85000.0,Non Inventory Part
,,Soup-005,,,SWEET CORN SOUP,,SUP JAGUNG,35000.0,Non Inventory Part
,,Soup-006,,,ASPARAGUS SOUP,,SUP ASPARAGUS,35000.0,Non Inventory Part
,,Soup-007,,,CHICKEN SOUP,,SUP AYAM,85000.0,Non Inventory Part
,,Soup-008,,,TOM YUM SOUP,,SUP TOM YAM,85000.0,Non Inventory Part
,F&B-0005,,,FISH,,IKAN,,0.0,Non Inventory Part
,,Fish-001,,,BLACKPEPPER SAUCE,,SAUS LADA HITAM,105000.0,Non Inventory Part
,,Fish-002,,,SWEET & SOUR SAUCE,,SAUS ASAM MANIS,105000.0,Non Inventory Part
,,Fish-003,,,TAMARIND SAUCE,,SAUS ASAM JAWA,105000.0,Non Inventory Part
,,Fish-004,,,PADANG STYLE SAUCE,,SAUS PADANG,105000.0,Non Inventory Part
,,Fish-005,,,HONGKONG FISH STEAM,,IKAM TIM HONGKONG,105000.0,Non Inventory Part
,,Fish-006,,,RICA-RICA STYLE,,MASAK RICA-RICA,105000.0,Non Inventory Part
,,Fish-007,,,GULAI STYLE,,MASAK GULAI,105000.0,Non Inventory Part
,,Fish-008,,,GRILLED FISH,,IKAN BAKAR,105000.0,Non Inventory Part
,,Fish-009,,,FRIED LALAB STYLE,,IKAN GORENG LALAPAN,105000.0,Non Inventory Part
,,Fish-010,,,CRISPY DEEP FRIED,,GORENG TEPUNG KRISPI,105000.0,Non Inventory Part
,,Fish-011,,,PALUMARA SOUP,,SUP PALUMARA,105000.0,Non Inventory Part
,,Fish-012,,,WOKU SOUP,,SUP WOKU,105000.0,Non Inventory Part
,,Fish-013,,,PRATASABA FISH SOUP,,SUP IKAN PRATASABA,105000.0,Non Inventory Part
,F&B-0006,,,SQUID & PRAWN,,CUMI-CUMI & UDANG,,0.0,Non Inventory Part
,,Squid-001,,,BLACKPEPPER SAUCE,,SAUS LADA HITAM,110000.0,Non Inventory Part
,,Squid-002,,,SWEET & SOUR SAUCE,,SAUS ASAM MANIS,110000.0,Non Inventory Part
,,Squid-003,,,TAMARIND SAUCE,,SAUS ASAM JAWA,110000.0,Non Inventory Part
,,Squid-004,,,RICA-RICA STYLE,,MASAK RICA-RICA,110000.0,Non Inventory Part
,,Squid-005,,,SALT & CHILLI STYLE,,MASAK GARAM & CABAI,110000.0,Non Inventory Part
,,Squid-006,,,CRISPY DEEP FRIED,,GORENG TEPUNG KRISPI,110000.0,Non Inventory Part
,,Squid-007,,,GREEN CHILLY STYLE,,MASAK CABAI HIJAU,110000.0,Non Inventory Part
,,Squid-008,,,PADANG STYLE SAUCE,,SAUS PADANG,110000.0,Non Inventory Part
,,Squid-009,,,SALTED EGGS STYLE,,MASAK TELUR ASIN,110000.0,Non Inventory Part
,F&B-0007,,,CHICKEN,,AYAM,,0.0,Non Inventory Part
,,Chicken-001,,,CHICKEN FRANCAISE,,AYAM FRANCAISE,140000.0,Non Inventory Part
,,Chicken-002,,,CHICKEN STEAK,,STIK AYAM,120000.0,Non Inventory Part
,,Chicken-003,,,CHICKEN CRISPY STEAK,,STIK AYAM KRISPI,110000.0,Non Inventory Part
,,Chicken-004,,,CHICKEN CORDON BLEU,,AYAM ALA CORDON BLEU,130000.0,Non Inventory Part
,,Chicken-005,,,CHICKEN KATSU,,AYAM KATSU,110000.0,Non Inventory Part
,,Chicken-006,,,FRIED LALAB STYLE,,AYAM LALAB,100000.0,Non Inventory Part
,,Chicken-007,,,PENYET STYLE,,AYAM PENYET,100000.0,Non Inventory Part
,,Chicken-008,,,CRISPY DEEP FRIED,,AYAM GORENG KRISPI,100000.0,Non Inventory Part
,,Chicken-009,,,CHICKEN & CRUNCH,,AYAM KREMES,100000.0,Non Inventory Part
,,Chicken-010,,,SWEET SOY SAUCE,,AYAM GORENG KECAP,100000.0,Non Inventory Part
,,Chicken-011,,,BUTTER FRIED CHICKEN,,AYAM GORENG MENTEGA,100000.0,Non Inventory Part
,,Chicken-012,,,CHICKEN GARLIC,,AYAM BAWANG PUTIH,100000.0,Non Inventory Part
,,Chicken-013,,,RICA-RICA STYLE,,MASAK RICA-RICA,100000.0,Non Inventory Part
,,Chicken-014,,,GRILLED CHICKEN,,AYAM BAKAR,100000.0,Non Inventory Part
,F&B-0008,,,BEEF & FUSION,,SAPI & FUSI,,0.0,Non Inventory Part
,,Beef-001,,,TENDERLOIN STEAK,,STIK DAGING TENDERLOIN,165000.0,Non Inventory Part
,,Beef-002,,,SIRLOIN STEAK,,STIK DAGING SIRLOIN,165000.0,Non Inventory Part
,,Beef-003,,,BEEF BLACKPEPPER,,DAGING LADA HITAM,165000.0,Non Inventory Part
,,Beef-004,,,BEEF STROGANOFF,,SAPI ALA STROGANOFF RUSIA,165000.0,Non Inventory Part
,,Beef-005,,,MIX GRILL SEAFOOD,,ANEKA SEAFOOD PANGGANG,130000.0,Non Inventory Part
,,Beef-006,,,TOM YUM SPAGHETTI,,SPAGHETTI TOM YUM,85000.0,Non Inventory Part
,,Beef-007,,,CHILLI PASTE SPAGHETTI,,SPAGHETTI BUMBU CABAI,85000.0,Non Inventory Part
,,Beef-008,,,CHICKEN SZEECHUAN GREEN BEAN,,AYAM SZECHUAN BUNCIS,85000.0,Non Inventory Part
,F&B-0009,,,WESTERN,,MENU KEBARATAN,,0.0,Non Inventory Part
,,West-001,,,PRATASABA SANDWICH,,SANDWICH PRATASABA,80000.0,Non Inventory Part
,,West-002,,,PRATA PIZZA,,PIZZA PRATA,130000.0,Non Inventory Part
,,West-003,,,BEEF BURGER,,BURGER DAGING SAPI,85000.0,Non Inventory Part
,,West-004,,,CHEESE SMOKE BEEF SANDWICH,,SANDWICH KEJU & DAGING ASAP,75000.0,Non Inventory Part
,,West-005,,,TUNA SANDWICH,,SANDWICH TUNA,75000.0,Non Inventory Part
,,West-006,,,SPAGHETTI BOLOGNESE,,SPAGHETTI BOLOGNESE,80000.0,Non Inventory Part
,,West-007,,,SPAGHETTI CARBONARA,,SPAGHETTI CARBONARA,80000.0,Non Inventory Part
,,West-008,,,SPAGHETTI AGLIO OLIO TUNA,,SPAGHETTI AGLIO OLIO TUNA,80000.0,Non Inventory Part
,,West-009,,,SPAGHETTI 'CHEESE SMOKE BEEF,,SPAGHETTI KEJU & DAGING ASAP,80000.0,Non Inventory Part
,F&B-0010,,,RICE,,NASI,,0.0,Non Inventory Part
,,Rice-001,,,WHITE RICE,,NASI PUTIH,10000.0,Non Inventory Part
,,Rice-002,,,PRATASABA FRIED RICE,,NASI GORENG PRATASABA,95000.0,Non Inventory Part
,,Rice-003,,,SEAFOOD FRIED RICE,,NASI GORENG SEAFOOD,85000.0,Non Inventory Part
,,Rice-004,,,BAKED RICE,,NASI OVEN,95000.0,Non Inventory Part
,,Rice-005,,,JAVANESE FRIED RICE,,NASI GORENG JAWA,85000.0,Non Inventory Part
,,Rice-006,,,SALTED FISH FRIED RICE,,NASI GORENG IKAN ASIN,85000.0,Non Inventory Part
,F&B-0011,,,NOODLE,,MIE,,0.0,Non Inventory Part
,,Noodle-001,,,BANDUNG LOMIE NOODLE,,MIE LOMIE BANDUNG,95000.0,Non Inventory Part
,,Noodle-002,,,PRATASABA FRIED NOODLE,,MIE GORENG PRATASABA,95000.0,Non Inventory Part
,,Noodle-003,,,SEAFOOD FRIED NOODLE,,MIE GORENG SEAFOOD,85000.0,Non Inventory Part
,,Noodle-004,,,MEATBALL FRIED NOODLE,,MIE GORENG BAKSO,85000.0,Non Inventory Part
,,Noodle-005,,,CHICKEN FRIED NOODLE,,MIE GORENG AYAM,85000.0,Non Inventory Part
,,Noodle-006,,,PRATASABA FRIED KWETIAW,,KWETIAW GORENG PRATASABA,95000.0,Non Inventory Part
,,Noodle-007,,,SEAFOOD FRIED KWETIAW,,KWETIAW GORENG SEAFOOD,85000.0,Non Inventory Part
,,Noodle-008,,,MEATBALL FRIED KWETIAW,,KWETIAW GORENG BAKSO,85000.0,Non Inventory Part
,,Noodle-009,,,CHICKEN FRIED KWETIAW,,KWETIAW GORENG AYAM,85000.0,Non Inventory Part
,F&B-0012,,,VEGETARIAN,,VEGETARIAN,,0.0,Non Inventory Part
,,Vege-001,,,VEGGIE FRIED RICE,,NASI GORENG SAYUR,75000.0,Non Inventory Part
,,Vege-002,,,VEGGIE FRIED NOODLE,,MIE GORENG SAYUR,75000.0,Non Inventory Part
,,Vege-003,,,VEGGIE FRIED KWETIAW,,KWETIAW GORENG SAYUR,75000.0,Non Inventory Part
,,Vege-004,,,MORNING GLORY TAUCO,,CAH KANGKUNG TAUCO,65000.0,Non Inventory Part
,,Vege-005,,,SALTED FISH & BEANS SPROUT,,CAH TAUGE & IKAN ASIN,65000.0,Non Inventory Part
,,Vege-006,,,PAK CHOI CAH STYLE,,CAH PAK CHOI,65000.0,Non Inventory Part
,,Vege-007,,,BROCCOLI CAH STYLE,,CAH BROKOLI,65000.0,Non Inventory Part
,,Vege-008,,,BROCCOLI MUSHROOM,,BROKOLI JAMUR,65000.0,Non Inventory Part
,,Vege-009,,,TJAP TJAY,,CAP CAY,65000.0,Non Inventory Part
,,Vege-010,,,CLAYPOT TOFU,,SAPO TAHU,65000.0,Non Inventory Part
,,Vege-011,,,VEGETABLE LALAB,,LALAPAN SAYUR,25000.0,Non Inventory Part
,F&B-0013,,,BEVERAGE,,MINUMAN,,0.0,Non Inventory Part
,,Bev-001,,,JUICE,,JUS,50000.0,Non Inventory Part
,,Bev-002,,,TROPICAL VIOLET,,ES JANDA MUDA,50000.0,Non Inventory Part
,,Bev-003,,,FRESH COCONUT,,KELAPA MUDA,35000.0,Non Inventory Part
,,Bev-004,,,GINGER DRIK,,WEDANG JAHE,40000.0,Non Inventory Part
,,Bev-005,,,LEMON TEA,,TEH LEMON,30000.0,Non Inventory Part
,,Bev-006,,,SODA,,SODA GEMBIRA,40000.0,Non Inventory Part
,,Bev-007,,,MILK TEA,,TEH TARIK,35000.0,Non Inventory Part
,,Bev-008,,,ORANGE JUICE,,ES JERUK,40000.0,Non Inventory Part
,F&B-0014,,,OTHERS ADDITIONAL,,TAMBAHAN LAIN-LAIN,,0.0,Non Inventory Part
,,Add-001,,,EGG,,TELUR,25000.0,Non Inventory Part
,,Add-002,,,CHILLI PASTE,,SAMBAL,25000.0,Non Inventory Part
,,Add-003,,,CRACKERS - SMALL JAR,,KERUPUK - TOPLES KECIL,25000.0,Non Inventory Part
,,Add-004,,,CRACKERS - BIG JAR,,KERUPUK - TOPLES BESAR,50000.0,Non Inventory Part
,,Add-005,,,JASA MASAK (PER KG),,JASA MASAK (PER KG),150000.0,Non Inventory Part
,,Add-006,,,LOBSTER (PER KG),,LOBSTER (PER KG),750000.0,Non Inventory Part
,,Add-007,,,UDANG RONGGENG (PER KG),,UDANG RONGGENG (PER KG),600000.0,Non Inventory Part
,,Add-008,,,KEPITING KENARI (PER KG),,KEPITING KENARI (PER KG),350000.0,Non Inventory Part
,,Add-009,,,KERANG (PER KG),,KERANG (PER KG),275000.0,Non Inventory Part
